source,target
1,1342
1,4964
1342,4958
2,959
2,955
959,962
3,356
3,980
356,736
4,981
4,353
981,979
5,2000
5,1998
2000,2008
6,2027
6,2025
2027,2030
7,4813
7,2047
4813,2050
8,2053
8,2148
2053,5327
9,2034
9,2031
2034,2070
10,2079
10,2077
2079,2081
11,2095
11,2094
2095,2096
13,2136
13,2138
13,3966
13,3967
13,2137
13,3928
13,3961
13,3965
2136,2132
2138,2132
3966,3965
3966,12
3966,3967
3967,3963
14,1908
14,5156
14,2123
14,2778
1908,5396
5156,5299
15,2815
15,2814
2815,1138
16,2093
16,2097
2093,2091
17,2076
17,2078
2076,2074
18,5240
18,2069
5240,2066
19,2147
19,2054
2147,2055
20,3314
20,1295
3314,3312
21,2048
21,2051
2048,2046
22,2026
22,2028
2026,2023
2026,2139
23,1999
23,2001
1999,1997
24,4051
24,4563
4051,997
25,1023
25,1015
25,1016
1023,1025
26,1056
26,1047
1056,5230
27,1068
27,539
1068,1066
1068,5451
1068,1070
28,771
28,1099
28,1100
771,769
771,772
29,1106
29,773
1106,1109
30,1125
30,1121
1125,1126
31,1165
31,808
31,5065
1165,5075
32,5077
32,5076
5077,5078
33,1120
33,1124
1120,1119
34,774
34,1107
774,398
774,1407
35,1098
35,1407
1098,1096
36,1063
36,1067
1063,1061
37,5261
37,5259
5261,1057
38,1046
38,1055
1046,1044
39,4567
39,998
4567,3739
40,2155
40,5506
2155,5494
41,2173
41,5495
2173,2174
42,2745
42,796
42,2746
2745,2743
43,5061
43,1975
5061,5060
5061,4966
44,5392
44,2748
44,5393
5392,2747
2748,2806
45,2175
45,5497
2175,2153
46,3950
46,3953
3950,2195
47,5499
47,2156
5499,3938
48,258
48,3600
258,3598
49,2919
49,2914
2919,976
50,2858
50,2854
2858,2856
51,2944
51,2867
2944,135
2944,2941
52,2874
52,2871
2874,2873
2874,2875
54,544
54,5057
54,543
54,5089
544,1967
5057,5056
5057,1258
5057,5058
55,2920
2920,2923
56,2870
56,2872
2870,2869
57,2866
57,2945
2866,5169
58,2855
58,2859
2855,2853
59,2863
59,67
2863,2865
60,2915
60,2918
2915,2913
61,212
61,77
212,1899
212,1476
62,3215
62,1424
3215,3213
63,3158
63,3159
3158,937
64,3189
64,3174
3189,3191
65,3217
65,3079
3217,3219
66,3237
66,4927
3237,3235
67,2860
67,5157
2860,4972
68,2032
68,762
2032,3265
69,3275
69,5503
3275,3882
70,3285
70,3263
3285,3284
71,3274
71,3276
3274,5504
72,1369
72,2861
72,5505
1369,5401
1369,1372
73,1323
73,3238
1323,3233
1323,406
1323,4637
74,3080
74,3218
3080,3210
75,3186
75,3187
3186,3175
76,3160
76,904
3160,3157
77,3214
78,5201
78,626
78,2646
78,4829
78,4830
78,623
78,624
78,631
78,2645
78,5202
5201,5336
626,4837
2646,604
2646,616
2646,561
4829,625
4830,5117
79,2794
79,2799
2794,2958
80,2963
80,5374
2963,5375
2963,5681
81,1179
81,1049
1179,3307
82,819
82,821
819,3844
83,1377
83,5638
1377,552
1377,1374
1377,1375
84,820
84,3932
820,816
85,1048
85,1052
1048,1050
86,2969
86,2962
2969,5667
2969,2956
87,5383
87,5382
5383,4747
88,4742
88,4746
4742,4741
89,1235
89,1237
1235,1268
90,1263
90,1260
1263,1223
91,5152
91,5151
5152,1227
92,1231
92,1227
1231,1233
93,1291
93,1287
1291,1293
1291,4914
94,1277
94,5155
1277,1276
95,1283
95,5427
1283,1282
96,1272
96,1278
1272,5422
97,1286
97,1273
97,5501
1286,1284
98,1228
98,1230
1228,5149
99,1225
99,5149
1225,1226
100,1236
100,5527
1236,1238
101,2360
101,2506
101,4302
101,5235
2360,2361
2506,2504
102,2503
102,5649
2503,2505
103,3688
103,3678
3688,3690
104,4068
104,4066
4068,4070
105,3289
105,1590
3289,3178
3289,1381
3289,1383
106,3561
106,3558
3561,3823
107,1905
107,1945
1905,4722
108,728
108,724
728,731
109,840
109,835
840,841
110,2149
110,2146
2149,2151
111,1968
111,3315
1968,1300
112,2157
112,3936
2157,2160
113,3952
113,3949
3952,3954
114,3935
114,2158
3935,1320
115,2145
115,2150
2145,2143
116,834
116,839
834,833
117,5353
117,830
5353,743
118,726
118,727
726,721
119,1947
119,1906
1947,1944
120,3560
120,3825
3560,3559
121,1589
121,5420
1589,1586
122,4067
122,4069
4067,4065
123,3679
123,3687
3679,3677
124,4303
124,2507
4303,4305
125,5650
125,2502
5650,5652
126,4316
126,4315
4316,4317
127,1813
127,1809
1813,1817
128,3696
128,3685
3696,3698
129,4079
129,4076
4079,4084
130,2328
130,2319
2328,2331
131,4544
131,3477
4544,4590
132,1600
132,4239
1600,1601
133,1918
133,3817
1918,4934
134,4854
134,1727
134,4676
4854,408
4854,4728
4854,417
4854,407
135,2942
136,2945
136,2949
2945,137
2945,2950
137,2943
2943,2940
138,4937
138,4670
138,4853
4937,4938
4937,5431
139,3818
139,4959
3818,3813
140,4240
140,4939
4240,4236
141,4589
141,4546
4589,2332
142,2320
142,2329
2320,2302
143,4075
143,4080
4075,4062
144,3686
144,3697
3686,3683
145,1808
145,4961
1808,4360
146,1849
146,169
146,4364
1849,1848
147,3674
147,1790
147,1791
147,4944
3674,169
3674,3671
3674,4944
1790,169
1790,3672
1790,1789
148,1783
148,168
1783,168
1783,1840
149,4986
149,3641
149,3646
4986,4945
150,2353
150,2349
2353,2355
151,3770
151,1563
3770,366
3770,3777
3770,3775
152,3146
152,1614
3146,1603
153,4594
153,4600
4594,4604
154,3547
154,3544
3547,3806
155,1389
155,3132
1389,1392
156,1367
156,1362
1367,1882
157,4850
157,991
4850,3150
158,3400
158,5469
158,159
158,712
158,5470
3400,4978
3400,5188
3400,5456
5469,634
5469,636
5469,5192
5469,680
5469,5190
5469,280
159,990
159,4849
159,5192
159,5444
990,5176
990,955
160,1361
160,1366
1361,4940
161,3131
161,1390
3131,1388
162,3546
162,3554
3546,3543
163,4596
163,4593
4596,4597
164,1613
164,3145
1613,1737
165,1562
165,1561
165,3769
1562,1564
166,2348
166,2352
2348,2305
167,3640
167,168
167,3721
3640,3712
3640,3644
168,3642
168,1784
168,1839
3642,3639
3642,3641
3642,3645
3642,3721
169,1845
169,1792
169,3675
1845,1847
1845,3670
170,4987
170,5148
4987,4988
171,4995
171,1960
4995,4996
172,4998
172,4352
172,5566
4998,4999
173,5009
173,1791
5009,5010
174,5016
174,5015
5016,5017
175,5027
175,5026
5027,347
5027,5028
176,5631
176,5632
5631,5116
5631,1965
5631,5031
177,5040
177,5039
5040,5041
178,5054
178,5053
5054,5055
179,812
179,5238
179,5069
179,5484
812,5270
812,5069
5238,5068
5238,5484
180,5093
180,5092
5093,5094
181,5110
181,5109
5110,5111
182,5117
182,5633
5117,5118
183,5124
183,5123
5124,5125
184,5135
184,5134
5135,5136
185,1791
185,5138
1791,1789
1791,5008
186,1962
186,5141
1962,1961
187,2997
2997,2999
188,3025
188,3022
3025,3027
189,3041
189,3036
3041,3043
190,3055
190,3052
3055,3057
191,3067
191,3064
3067,3070
192,3095
192,3092
3095,3096
193,3109
193,3106
3109,3111
194,1853
194,1856
1853,1851
195,3078
195,3082
3078,3077
196,1353
196,3133
1353,3127
197,940
197,3147
940,3124
198,4801
198,3118
4801,3142
199,5305
199,3141
5305,3140
200,942
200,3512
942,3824
201,3134
201,1356
3134,5306
202,3212
202,3216
3212,1857
203,1854
203,1862
1854,1856
1854,3117
1854,3116
204,3107
204,3108
3107,1551
205,3093
205,3094
3093,3091
206,3063
206,3068
3063,3061
207,3051
207,3054
3051,3049
208,3038
208,3040
3038,3034
209,3021
209,5492
3021,3019
211,3384
211,3387
3384,1439
3384,3380
1899,1424
213,3377
213,3378
3377,3375
214,4955
214,2204
4955,3364
215,3344
215,4956
3344,3343
217,3318
217,3319
3318,3321
218,3316
3316,3324
219,3347
219,3345
219,3348
3347,3353
220,2203
220,3365
2203,3366
221,3379
221,3376
3379,1416
222,1426
222,2501
1426,1429
223,3385
223,3382
3385,3388
224,874
224,2202
874,2208
225,1358
225,1354
1358,3795
226,1355
226,1357
1355,4974
227,880
227,2210
880,879
228,5562
228,875
5562,4751
5562,4750
5562,5543
229,5455
229,3403
5455,3405
230,3418
230,5635
230,2534
3418,3420
5635,1412
231,3429
231,3422
3429,3431
232,3432
232,3039
3432,3434
233,3444
233,3439
3444,3448
234,3453
234,3452
3453,3455
235,3471
235,3469
3471,3473
236,3478
236,1866
3478,3481
237,3486
237,3466
3486,3488
238,3495
238,3493
3495,3497
239,3510
239,3509
3510,3511
240,3501
240,2496
3501,3500
3501,5194
3501,5687
241,637
241,5170
637,638
242,2493
242,3175
242,3499
242,3503
2493,281
2493,2490
3175,3169
3175,3170
243,3508
243,3125
3508,3506
244,3494
244,3496
3494,3490
245,3484
245,3485
3484,3465
246,3476
246,3479
3476,3474
247,3470
247,3472
3470,3468
248,3451
248,3454
3451,4170
249,3441
249,3443
3441,3438
250,3428
250,3433
3428,4970
251,3421
251,3037
3421,3425
252,1412
252,3419
1412,3417
253,3634
253,3638
3634,3633
254,3589
254,3591
3589,255
255,3588
3588,3586
256,3619
256,3621
3619,3617
257,3608
257,3611
3608,3603
3598,4943
259,3581
259,3583
3581,3578
260,3564
260,4301
260,3566
260,513
260,594
260,3565
3564,5308
3564,5326
4301,594
4301,514
3566,3574
261,3577
261,3574
3577,3579
262,3584
262,3582
3584,3585
263,3602
263,3599
3602,3605
264,3612
264,3609
3612,3614
265,3622
265,3620
3622,3623
266,3590
266,3587
3590,1904
267,3592
267,1904
3592,934
268,3639
268,3635
269,4351
269,5141
4351,5512
270,2576
270,2572
2576,2578
271,2635
271,2631
2635,2636
272,1933
272,2638
1933,1934
273,1937
273,1936
1937,1740
274,4575
274,4623
4575,4570
275,3562
275,951
3562,276
276,4848
4848,3150
277,633
277,681
633,5193
278,4963
278,279
278,3121
4963,3121
4963,3123
4963,5449
4963,279
4963,4855
279,636
636,713
636,634
636,5470
636,638
280,680
280,682
280,4841
280,5190
280,5197
680,3152
680,5192
682,4664
682,568
282,283
282,3563
283,989
989,954
284,1363
284,1872
1363,1364
285,4625
285,4576
4625,4624
286,1935
286,1938
1935,1932
287,2644
287,5488
2644,2640
288,2629
288,2634
2629,2626
2629,2628
289,4976
289,2604
4976,4977
290,2780
290,4977
2780,2785
291,4873
291,1427
4873,4876
292,4882
292,1259
4882,1969
293,4910
293,4909
4910,4912
294,4916
294,1293
4916,4918
295,1292
295,4915
1292,4913
296,4908
296,5205
4908,4906
297,4878
297,4880
4878,4877
298,299
298,5517
298,322
298,5454
299,4578
5517,485
4578,300
300,2509
2509,4311
301,5307
301,1811
5307,1811
5307,2394
302,3691
302,3680
3691,3693
303,4074
303,4060
4074,4060
4074,4082
304,2321
304,2317
2321,2324
305,3171
305,1596
3171,3174
3171,3286
306,2449
306,2522
2449,2448
2449,2460
307,3545
307,2461
3545,2464
308,2456
308,1347
2456,938
2456,2527
309,4819
309,2466
4819,4789
310,1445
310,1442
1445,1447
311,1443
311,1446
1443,1440
312,4815
312,1432
4815,4817
313,932
313,933
932,2465
314,1348
314,2455
1348,2452
1348,2459
315,2523
315,2450
2523,3542
316,1597
316,2395
1597,1594
317,2316
317,2322
2316,2314
318,4061
318,4073
4061,4058
4061,4073
319,3610
319,3692
3610,2515
320,1810
320,1773
1810,1805
321,4577
321,2508
4577,322
323,4979
323,3779
4979,3742
324,3208
324,3759
3208,3754
325,4971
325,5367
4971,1352
326,988
326,3803
988,944
327,3787
327,3782
3787,4804
328,3783
328,4803
3783,3119
329,3802
329,987
3802,3804
330,3736
330,1351
3736,3735
331,3757
331,3206
3757,3758
332,5219
332,3741
5219,3778
333,1583
333,5123
1583,1581
334,1536
334,1538
1536,1534
335,1513
335,1516
1513,1511
336,1545
336,1549
1545,1343
337,1474
337,1548
1474,1475
338,1480
338,1478
1480,1472
339,1468
339,1470
1468,1465
340,5221
340,1456
5221,4981
341,1585
341,1469
1585,1417
342,1477
342,1479
1477,1473
343,1547
343,1473
1547,1344
344,1550
344,1546
1550,1498
345,1517
345,1514
1517,1520
346,1537
346,1535
1537,1540
347,1584
348,5163
348,5208
5163,4957
349,5486
349,5485
5486,3893
350,351
350,4960
351,3880
3880,3879
352,3850
352,3852
3850,1051
353,737
354,3832
354,5413
354,5386
3832,2822
5413,5414
355,3833
355,3831
355,5418
3833,5390
3833,3839
736,3841
357,3853
357,3851
3853,3855
358,359
358,3881
359,3886
3886,3887
360,3898
360,3897
3898,3900
361,3907
361,3908
361,3942
361,5549
3907,3909
3907,3908
362,5480
362,5479
5480,5481
363,5329
363,1404
5329,5186
364,1835
364,1832
1835,1837
365,4100
365,4094
4100,4101
366,1561
366,1612
367,1939
367,1870
1939,4831
368,4834
368,2337
4834,4729
369,2971
369,2966
2971,2973
370,2990
370,2987
2990,2988
2990,2989
371,2716
371,2714
371,2802
2716,2718
372,2719
372,2718
2719,2722
373,1304
373,5265
1304,1307
374,4950
374,1310
4950,1312
375,855
375,854
855,858
376,3941
376,5208
3941,3944
377,2180
377,2113
2180,2182
378,853
378,1453
853,851
379,1309
379,1311
1309,1308
380,1306
380,1305
1306,5266
381,2717
381,2720
381,2805
2717,2715
382,2713
382,2715
2713,2711
383,1340
383,2992
1340,1337
384,2967
384,2970
2967,2954
385,4832
385,1408
4832,1940
386,1869
386,1940
1869,1868
387,1610
387,3769
1610,1608
388,4093
388,4099
4093,4092
389,1831
389,1834
1831,1829
390,733
390,731
733,734
391,832
391,745
832,746
392,5171
392,746
5171,748
393,764
393,761
764,768
394,776
394,773
776,778
395,798
395,795
798,800
396,2495
396,5636
2495,806
397,794
397,797
794,1864
398,5354
399,760
399,765
760,758
400,747
400,749
747,1454
401,735
401,738
735,732
402,730
402,732
730,729
403,1901
403,4653
1901,1903
404,4658
404,4655
404,4656
404,4661
4658,4657
4655,4667
405,4666
405,4630
405,4629
405,4667
4666,4654
4630,4668
406,4650
4650,4639
407,4671
4671,4734
409,4682
409,4680
4682,4684
410,5569
410,4701
5569,411
411,5372
5372,4744
5372,4748
5372,4703
413,414
413,5573
414,4702
4702,415
415,4700
4700,4699
416,4678
416,4681
4678,4731
417,4727
4727,4675
4727,4677
4727,4728
418,1322
418,4651
1322,4636
419,5312
419,5311
5312,5550
420,903
420,901
903,905
421,5551
421,914
5551,916
422,928
422,927
928,4607
423,926
423,929
926,923
424,913
424,915
913,912
425,902
425,935
902,900
426,3575
426,3576
426,5555
3575,3570
427,5236
427,4585
5236,4586
428,4490
428,4488
4490,4492
429,4500
429,5616
4500,4502
430,4513
430,4512
4513,4515
431,4528
431,4524
4528,4530
432,4545
432,4543
4545,4548
433,4595
433,4555
433,4557
4595,4559
434,1006
434,1007
434,1001
1006,1007
1007,1009
435,4620
435,2498
4620,1941
436,1140
436,1136
1140,1142
437,1137
437,1141
1137,1134
438,1014
438,1019
1014,1013
439,4558
439,5621
4558,4556
440,441
440,4541
440,3475
441,442
441,4523
441,4527
4541,2249
442,443
442,4511
442,5627
4523,4521
443,4499
443,444
443,5628
4511,4509
4499,4497
444,445
444,4487
444,4489
445,5630
445,446
445,603
4487,4485
5630,4583
446,5337
446,5334
446,4580
5337,5339
5334,5345
5334,5347
5334,5344
447,1624
447,518
1624,1626
448,1663
448,1661
1663,1665
449,1679
449,1675
1679,1681
450,1698
450,1693
1698,1700
451,1725
451,1722
1725,1719
452,1692
452,1696
1692,1690
453,1674
453,1678
1674,1672
454,1660
454,1662
1660,1658
455,509
455,1625
509,5594
456,2843
456,4390
2843,2844
457,4398
457,5663
4398,4394
4398,5689
4398,4397
458,4373
458,4371
4373,4366
459,4420
459,4418
4420,4422
460,4438
460,4709
4438,4440
4438,5670
461,462
461,4461
462,463
463,4462
4462,5674
4462,4460
464,4712
464,4439
464,5678
4712,4437
465,4419
465,4421
4419,4417
466,4368
466,4372
4368,4392
467,4395
467,4396
4395,2849
468,4389
468,2841
4389,4391
469,4386
469,4471
4386,4387
470,725
470,4384
725,722
471,4049
4049,4047
472,4036
472,4038
4036,5576
473,4016
473,5227
4016,4018
474,4004
474,4006
4004,4002
475,5577
475,3973
5577,3969
476,3968
476,3981
476,3969
476,3982
3968,3970
3981,3983
477,5178
477,3983
477,4956
5178,3350
478,5459
478,5465
5459,5460
479,3974
479,3970
3974,3975
480,4007
480,4005
4007,4078
481,5226
481,4017
5226,482
482,4021
4021,4022
483,4039
483,4037
4039,4042
485,4114
4114,4112
486,4148
486,4144
4148,4149
487,4171
487,4168
4171,4174
488,4175
488,4174
4175,4177
489,4208
489,5533
4208,4210
490,4264
490,4227
4264,4228
4264,1727
4264,5436
491,4226
491,4262
4226,4224
492,4205
492,5534
4205,4203
493,4173
493,4176
4173,4172
494,4167
494,4172
4167,4166
495,5536
495,4146
5536,4142
496,2536
496,3417
2536,2573
497,2562
497,2561
2562,2564
498,2600
498,2599
498,2781
2600,2601
499,2605
499,2601
2605,2607
500,2642
500,2639
2642,2647
501,2687
501,2683
2687,2689
502,2682
502,2686
2682,2681
503,2640
503,2641
2640,2634
2640,4975
504,2598
504,4977
2598,2596
505,2574
505,2577
2574,2571
506,2560
506,2563
2560,2559
507,5591
507,5003
5591,1787
508,5593
508,1779
5593,1630
5594,1778
510,5598
510,5597
5598,1814
511,5599
511,1768
5599,2387
512,5601
512,5600
5601,1765
513,594
514,594
594,1746
594,1745
594,5602
515,5604
515,5603
5604,1766
516,1767
516,4962
1767,5605
517,1775
517,5606
1775,1776
518,5608
519,5610
519,5609
5610,1780
520,1772
520,2386
1772,5585
521,2397
521,2392
2397,5587
522,2409
522,2405
2409,2411
523,2421
523,2418
2421,2423
524,2439
524,2434
2439,2443
525,2468
525,2373
2468,2470
526,950
526,5448
950,2488
527,2486
527,949
2486,2485
528,2465
528,2467
2465,2375
529,2462
529,2463
2462,2450
530,2435
530,2441
2435,2433
531,2419
531,2420
2419,2417
532,2406
532,2410
2406,2403
533,2391
533,2396
2391,2389
534,2385
534,5509
2385,2383
535,1378
535,4973
1378,4883
536,4812
536,2036
4812,3863
537,836
537,837
836,5182
538,3254
538,3262
3254,539
540,1104
540,1102
1104,1185
541,2995
541,2989
2995,2800
542,2726
542,2802
2726,2728
543,1966
1967,4468
545,2803
545,2715
545,2727
2803,2801
546,2994
546,2996
2994,2992
547,1101
547,1103
1101,1081
548,3253
548,1065
3253,549
549,3259
3259,3261
550,838
550,5159
838,3933
551,2038
551,4811
2038,2039
552,1379
553,4761
553,4759
4761,4764
554,5579
554,4768
5579,4772
555,4790
555,4786
4790,4792
556,3788
556,5580
3788,3784
3788,3785
3788,4804
557,4802
557,5581
4802,4800
558,4767
558,4771
4767,4765
559,4760
559,4762
4760,4758
560,608
560,622
608,606
561,696
561,1018
561,1729
696,694
1018,657
1018,5654
1018,1021
562,652
562,659
652,1021
563,666
563,668
666,667
564,5428
564,672
5428,646
565,5472
565,691
5472,5368
566,3523
566,683
3523,3150
3523,712
3523,3121
567,635
567,5404
635,3123
568,684
684,677
569,690
569,692
690,5644
690,687
690,958
570,671
570,640
671,662
571,3229
571,4933
3229,3231
572,658
572,653
658,647
573,1728
573,693
1728,607
574,4833
574,609
4833,3122
575,2297
575,5130
2297,2295
576,2292
576,2295
2292,2296
577,2274
577,2276
2274,2272
578,2264
578,2266
2264,2263
579,2248
579,2253
2248,2246
580,2234
580,2236
2234,2232
581,2222
581,5542
2222,2221
582,2217
582,1460
2217,2216
583,2224
583,2223
2224,2225
584,2235
584,2233
2235,2237
585,2251
585,2247
2251,2252
586,5545
586,2265
5545,2267
587,2275
587,5546
2275,2277
588,5022
588,2298
5022,5021
5022,5023
589,4348
589,5513
4348,4299
590,4291
590,4293
4291,3023
591,5515
591,4285
5515,4282
592,4274
592,4276
4274,4273
593,4265
593,4269
4265,1748
1746,1747
1746,1749
595,4270
595,4266
4270,4271
596,4331
596,4277
596,4275
596,4324
4331,4277
4331,4279
4277,4281
597,4286
597,5516
4286,4288
598,4294
598,4292
4294,4341
599,4347
599,4300
4347,4350
600,4103
600,4946
4103,4105
601,4098
601,4104
4098,4096
602,1404
602,5268
603,5629
604,629
605,630
605,2645
630,627
606,5335
5335,1729
607,609
610,614
610,3122
614,612
611,622
611,615
612,621
621,618
613,615
613,620
616,619
619,620
617,2645
617,618
2645,649
623,627
624,4836
625,628
628,629
4837,4838
631,5633
631,1965
632,4841
632,5193
5193,710
5193,712
634,4980
634,1984
4980,5190
3123,4855
3123,5332
713,5470
5470,5456
639,5239
639,3121
5239,4856
640,645
641,643
641,646
643,689
642,644
642,687
644,645
689,688
647,649
649,651
649,1017
648,650
648,698
650,660
651,697
660,659
697,695
653,1020
654,656
654,5409
656,1017
655,668
655,657
1017,1020
1017,5644
661,1898
661,1365
1898,1896
662,663
663,670
670,669
664,672
664,5410
665,5179
665,669
5179,5409
667,5410
673,957
673,5368
957,691
957,685
957,679
674,675
674,958
675,692
676,683
676,685
683,3121
683,5190
677,686
686,958
678,681
678,3143
679,5653
5653,5643
3152,5443
3152,3151
4664,5567
3121,714
3121,3504
3121,4965
3121,5188
3121,5332
3121,5661
5190,5404
958,5643
688,691
691,5654
693,695
694,699
699,698
700,705
700,4607
705,706
705,5194
705,5198
705,5471
701,930
701,4967
930,929
702,5189
702,710
702,1450
5189,712
703,1451
703,704
1451,704
1451,1448
704,709
706,4806
706,5198
5194,4808
5194,4978
5194,712
5194,3148
5194,4965
5194,3503
5194,5634
4806,3504
707,4967
707,4978
4967,5471
708,4609
708,3397
4609,5188
709,711
711,712
712,5332
712,3399
712,5187
712,5188
712,5687
3399,3398
714,716
714,5662
716,719
5662,5663
715,1985
715,718
1985,1984
1985,1986
1985,5302
1985,5389
719,720
717,3953
717,3956
718,5302
718,721
718,5686
720,723
723,5162
723,724
721,722
5162,4385
727,729
734,5184
5184,739
3841,3845
737,3842
738,740
739,741
741,742
740,743
742,744
744,745
1454,830
748,750
750,751
749,752
751,753
753,757
752,756
757,761
754,1084
754,759
1084,3258
755,762
755,1085
756,758
759,763
763,2033
768,769
765,766
766,767
767,770
770,1407
772,773
775,5524
775,1261
5524,5525
778,779
777,5150
777,1271
5150,1260
779,781
781,783
780,5301
780,782
5301,5354
783,5174
782,784
5174,786
784,1409
785,1409
785,788
786,787
787,789
789,791
788,790
791,792
790,1864
792,793
793,795
796,2807
797,799
800,801
799,802
801,803
803,805
802,804
805,807
804,806
807,808
809,810
809,5075
810,811
811,5067
5067,5070
5270,5272
813,815
813,2937
815,817
814,2939
814,822
2939,2938
817,825
816,823
823,1398
825,827
818,821
818,824
3844,3931
822,826
1398,1399
824,1397
827,828
826,829
828,1402
1402,1403
829,2528
831,2528
831,833
835,1403
5182,3260
837,3934
3933,3857
839,843
841,842
842,2142
2142,2144
843,844
844,2141
845,848
845,1314
848,850
846,1315
846,847
1315,1313
847,849
850,852
849,851
852,854
858,865
856,1453
856,857
857,866
865,1200
859,861
859,1195
861,864
860,1196
860,862
1196,1194
864,867
862,863
863,868
867,869
1200,1202
866,1199
869,871
868,870
871,2746
871,2807
870,2806
2746,2749
872,4964
872,878
873,877
873,879
877,2207
2208,878
875,876
876,2207
881,883
881,1341
883,885
882,5249
882,884
5249,5318
885,886
884,887
886,888
888,891
887,889
891,893
889,890
890,892
893,896
892,894
896,898
894,895
895,897
898,899
897,5553
899,901
900,5553
905,907
904,936
907,909
906,5552
906,908
5552,935
909,911
908,910
911,914
910,912
915,917
916,918
918,919
917,920
919,922
922,924
920,921
921,923
924,925
925,927
931,1986
931,1987
933,4788
934,3595
3595,5269
936,3180
937,3195
3195,3181
938,2457
2457,2374
939,2455
939,2458
2455,2459
3124,3139
941,3518
941,3511
3518,3514
3824,3826
943,987
943,945
944,946
946,947
945,948
947,3522
3522,2489
948,3519
949,964
2488,952
951,4628
952,955
955,4968
953,964
953,956
954,992
992,4842
4968,960
956,5233
962,5458
962,963
962,5575
960,5233
960,961
5233,995
961,965
5458,5411
963,968
968,969
965,967
966,5466
966,5561
5466,971
967,4969
969,972
972,974
970,4969
970,5556
970,973
970,4379
5556,5467
971,4380
4380,4383
974,978
973,975
978,980
975,979
976,2837
2837,2839
977,2918
977,2838
982,2530
982,984
2530,4984
983,985
983,2531
985,3555
984,3556
3555,3558
986,5421
986,3827
5421,4610
5176,994
991,995
4842,1942
993,995
993,4847
994,4843
4843,4845
996,998
996,1000
997,1001
999,3081
999,3083
3081,3082
1000,1003
1002,1004
1002,1005
1004,4568
1003,5237
4568,1858
1005,1857
1009,1012
1008,5237
1008,1167
1012,1015
1010,4621
1010,1166
4621,4623
1011,1168
1011,4622
1168,1171
1015,1016
1013,1167
1019,1022
1022,1024
1025,1029
1024,1030
1029,1031
1026,4638
1026,4648
4638,4651
1027,1030
1027,1033
1028,4649
1028,4640
4649,4644
1031,1032
1032,1034
1034,1035
1033,1037
1035,1036
1036,1039
1039,1041
1039,1045
1039,5691
1037,1038
1038,1040
1041,1045
1045,1047
1040,5685
1040,1044
5685,5692
1042,2887
1042,2850
2887,2881
1043,2857
1043,2888
2857,2859
1044,5684
1047,5664
5664,5666
1050,5379
1049,5378
5379,5380
1051,3848
3848,3847
1052,1178
1053,1059
1053,5254
1059,1062
1054,5255
1054,1058
5255,5256
1055,1057
5230,5260
1058,1060
1062,5618
1060,1061
5618,1064
1064,1066
1065,1067
1067,1069
5451,1075
1070,1071
1069,1072
1069,1074
1071,5619
5619,1087
1072,1073
1073,1086
1074,1077
1075,1076
1076,1079
1079,1080
1077,1078
1078,1081
1080,1102
1082,1090
1082,1092
1090,1088
1083,1085
1083,3257
3258,3256
1086,1088
1087,1089
1089,1091
1091,1093
1093,1095
1092,1094
1095,1097
1094,1096
1097,1099
1097,5620
5620,1100
1103,1105
1185,1333
1105,2993
1109,1110
1107,1108
1108,1111
1110,1112
1112,1115
1111,1113
1115,1117
1113,1114
1114,1116
1117,1118
1116,1119
1118,1121
1122,1192
1122,1189
1192,1198
1123,1190
1123,1191
1190,1188
1124,1127
1126,1129
1129,1131
1127,1128
1128,1130
1131,1133
1130,1132
1133,1135
1132,1134
1135,1136
1138,1212
1212,1201
1139,1214
1139,1213
1214,5262
1142,1144
1141,1143
1144,1146
1143,1145
1146,1148
1145,1149
1148,1151
1147,5220
1147,2752
5220,2753
1151,1153
1149,1150
1150,1152
1153,1155
1152,1154
1155,1157
1154,1156
1157,1159
1156,1158
1159,1161
1158,1160
1161,1163
1160,1162
1163,1164
1162,1164
1166,1169
1171,1170
1169,4626
1170,4627
4627,1922
1172,1176
1172,1174
1176,5158
1173,5245
1173,1175
5245,1183
1174,5244
1175,1177
5158,5376
1177,5247
1178,3306
3307,3310
1180,1181
1180,1183
1180,5666
1181,2965
2965,5381
1182,1184
1182,5683
1182,2964
1182,5682
1184,5244
5683,5657
1333,1336
1186,1191
1186,1197
1187,1189
1187,2172
1188,2171
2171,5497
1198,1193
1193,1195
1194,1197
1199,1201
1202,1213
1203,1218
1203,1205
1218,1215
1204,1206
1204,1217
1206,2177
1205,2176
2177,2178
1207,1210
1207,1215
1210,2814
1208,1216
1208,1209
1216,1217
1209,1211
1211,5262
1219,1221
1219,1226
1221,1222
1220,2773
1220,2776
2773,2768
1222,1262
1262,1261
1223,1224
1224,5243
5243,5151
1229,1295
1229,1297
1230,1232
1233,5153
1232,1234
5153,3884
1234,5352
1268,1269
1238,1240
1237,1239
1240,1242
1239,1241
1242,1244
1241,1243
1244,1246
1243,1245
1246,1248
1245,1247
1248,5537
1247,1250
5537,1254
1249,2723
1249,5397
2723,2721
1250,1252
1251,2725
1251,2724
2725,2731
1252,1253
1253,1255
1254,1256
1256,5538
1255,1257
5538,5539
1257,1258
1259,4879
1264,1271
1264,1265
1265,1269
1266,1270
1266,1267
1270,5526
1267,5525
5526,5527
5422,1273
1274,5155
1274,5523
1275,1278
1275,1280
1276,1279
1279,5424
5424,5425
1280,1281
1281,1282
1284,1289
1289,5429
1285,5501
1285,1287
1285,1290
1288,1290
1288,3884
5429,5352
1293,5423
4913,4911
5423,5523
1294,4066
1294,4054
1296,1298
1296,1300
1298,1301
1297,1299
1301,1303
1299,1302
1303,1317
1302,1316
1317,1319
1307,1310
1305,1308
5266,2804
1311,1313
1312,1314
1316,1318
1319,1321
1318,1320
1321,3936
4636,4632
3233,3232
1324,1330
1324,1332
1330,1328
1325,2986
1325,1331
2986,1338
1326,2980
1326,1328
2980,2978
1327,1405
1327,2981
1405,1329
1329,1331
1332,1337
1336,2982
1334,2993
1334,1335
1335,2983
2982,2984
1338,1339
1339,2987
1341,5317
4958,2218
1343,1548
1344,1546
1345,1384
1345,1386
1384,3288
1346,1385
1346,1381
1385,2524
1347,2527
1347,2451
2452,2454
1349,3496
1349,3506
1350,3505
1350,3497
3505,3507
1351,4974
1352,1354
3127,3126
1356,3790
1357,1359
3795,5370
1359,4569
1360,1362
1360,1394
4940,1393
1364,1365
1366,1883
1882,1884
1368,5400
1368,5399
5400,1373
5401,1371
1372,2852
1370,5157
1370,1373
5157,1373
1371,2842
2842,3264
2852,2851
1373,5521
1374,2021
2021,5441
1375,2139
1376,4973
1376,2020
1376,2140
4973,5640
4883,4889
1379,1438
1380,3308
1380,1395
3308,3309
1382,3287
1382,3182
3287,3176
1383,3183
3183,3179
3288,5420
2524,2529
1386,2525
1387,3132
1387,3808
1388,3807
3807,3805
1392,1394
1390,1391
1391,1393
1395,1399
1396,1400
1396,1401
1400,1397
1401,3310
1406,1736
1406,2340
1736,1734
1408,4835
1410,3446
1410,4170
3446,3449
1411,4903
1411,4906
4903,4902
3417,2532
1413,1415
1413,1484
1415,1487
1414,3378
1414,1419
1487,1470
1416,1418
1418,1420
1417,1485
1485,1486
1420,1422
1419,1421
1422,1425
1421,1423
1425,2501
1423,1424
1429,1430
1427,4871
1428,1476
1428,1431
1430,1433
1433,1435
1433,1452
1431,1432
1432,1434
1435,1436
1434,1437
1436,3381
1436,3383
3381,3382
3383,1441
1437,3380
1438,4890
1439,1440
1441,1442
1444,3786
1444,1446
1444,3386
3786,4803
3786,5581
1447,1449
1446,1448
1449,1450
1450,4805
1452,4816
1455,1456
1455,1458
1457,4982
1457,4981
4982,1462
1458,1461
1459,1460
1459,2215
1461,5528
1462,1463
1463,1466
1466,1467
1464,5528
1464,1465
1467,1469
1471,1479
1471,1495
1472,1496
1496,1492
1475,1478
1481,1488
1481,4769
1488,1484
1482,1493
1482,4770
1493,1491
1483,4769
1483,1494
1486,1489
1489,1490
1490,4770
1491,1495
1492,1494
1497,1549
1497,1500
1498,1501
1501,2437
1499,1500
1499,2436
2437,1502
1502,1505
1505,1509
1503,2436
1503,1504
1504,1508
1509,1507
1506,1508
1506,1511
1507,1510
1510,1512
1512,1514
1515,3482
1515,3464
3482,3480
1516,1518
1520,1522
1518,1519
1519,1521
1522,1526
1521,1525
1526,1527
1523,4552
1523,5625
4552,4549
1524,4553
1524,4551
4553,4551
4553,4554
1525,1528
1527,1529
1529,1531
1528,1530
1531,1533
1530,1532
1533,1535
1532,1534
1540,1542
1538,1539
1539,1541
1542,1544
1541,1543
1544,1554
1543,1552
1554,1557
1551,3105
3105,3103
1552,1555
1553,3106
1553,3104
1557,1694
1555,1556
1556,1695
1694,1559
1694,1696
1558,1695
1558,1560
1559,1561
1560,5222
1564,1621
1564,1567
1563,5222
1563,1565
1621,1619
1567,1622
1565,1566
1566,1620
1566,1623
1622,1569
1568,1620
1568,1571
1569,1570
1570,1573
1573,2633
1571,1572
1572,2632
2633,1575
1574,2632
1574,1576
1575,1578
1578,1580
1576,1577
1577,1579
1580,1582
1579,1581
1582,1584
1586,2520
2520,2518
1587,2313
1587,2333
2313,2311
1588,1590
1588,1909
1591,2326
1591,1593
2326,2323
1592,1595
1592,2327
1595,1596
1593,1594
1598,4233
1598,4929
4233,4238
1599,4592
1599,4234
4592,4591
1601,4241
4241,4253
1602,4939
1602,4242
1603,4947
4947,4246
1604,3145
1604,4941
1605,1609
1605,2345
1609,1611
1606,2358
1606,1615
2358,2356
1607,1616
1607,2359
1616,1618
1608,2346
2346,2344
1611,1612
1737,5440
1614,4985
1615,1617
1618,1623
1617,1619
1626,1628
1626,1629
1625,1627
1628,5609
1629,1632
1627,1630
1632,1634
1630,5531
1631,5531
1631,1633
1634,1635
1633,1636
1635,1637
1637,1639
1636,1638
1639,1641
1638,1640
1641,1643
1640,1642
1643,1645
1642,1644
1645,1650
1644,1646
1650,1652
1646,1647
1647,1651
1648,3629
1648,3632
3629,3627
1649,3631
1649,3630
3631,3635
1652,1654
1651,1653
1654,1656
1653,1655
1656,5529
1655,1657
5529,1659
1657,1658
1659,1661
1662,1664
1665,1667
1664,1666
1667,1669
1666,1668
1669,1671
1668,1670
1671,1673
1670,1672
1673,1675
1676,2271
1676,2269
2271,2273
1677,2270
1677,2272
2270,2268
1678,1680
1681,1683
1680,1682
1683,1685
1682,1684
1685,1687
1684,1686
1687,1689
1686,1688
1689,1691
1688,1690
1691,1693
1696,1697
1697,1699
1700,1702
1699,1705
1702,1704
1702,3772
1701,3771
1701,5440
3771,3773
1704,1707
1703,1738
1703,3772
1738,4985
1707,1708
1705,1706
1706,1709
1708,1710
1708,1711
1710,3780
1711,1714
1709,1712
3780,3779
1714,1716
1712,1713
1712,3781
1713,1715
1716,1718
1715,1717
1718,1720
1717,1719
1720,1721
1721,5530
5530,1743
1722,1744
1722,1724
1744,1742
1723,4230
1723,1743
4230,4228
1724,4229
1726,4619
1726,4615
4619,5331
1730,3707
1730,1837
3707,3709
1731,1733
1731,4101
1733,1735
1732,4102
1732,1734
4102,4099
1735,2336
2336,2338
1739,1938
1739,1742
1740,1741
1741,1743
1745,1748
1747,4266
1749,1751
1748,5602
1748,1750
1751,1753
1750,1752
1753,1755
1752,1754
1755,1757
1754,1756
1757,1759
1756,1758
1759,1761
1758,1760
1761,1763
1760,1762
1763,1764
1762,1765
1764,5603
1766,4962
5605,1769
1768,1770
1769,5511
5511,1815
1770,1812
1771,5589
1771,5588
5589,5509
5585,5586
1773,1774
1774,2393
1776,4145
4145,5607
1777,5608
1777,5607
1778,5595
5595,5232
1779,1781
1780,1782
1782,5611
1781,5592
5611,2575
1840,1842
1784,1839
1785,5592
1785,5590
1786,5613
1786,5612
5613,5004
1787,5590
1788,5139
1788,5003
1788,1789
5139,1789
5139,1963
5003,5002
5003,5004
3672,3714
1792,3714
1793,1795
1793,4353
1795,1797
1794,4354
1794,1796
4354,4309
1797,1799
1796,1798
1799,1800
1798,1802
1800,1801
1801,1819
1819,1821
1802,1818
1803,4356
1803,1805
4356,4326
1804,1806
1804,4357
1806,1811
1806,5518
1811,5518
1807,1809
1807,4359
4360,4358
1812,1814
1817,1824
1815,5606
1816,4961
1816,1823
1824,1826
1818,1820
1821,2511
1820,1822
2511,3676
1822,2510
1823,1825
1826,2512
1825,1827
2512,3682
1827,3681
1828,1830
1828,4345
1830,1832
1829,4361
4361,4344
1833,4413
1833,4474
4413,4481
1834,1836
1836,1838
1838,3706
1839,1841
1842,1844
1841,1843
1844,3711
1843,3710
3711,3713
1847,4365
1846,4362
1846,4365
4362,5210
1848,4942
4942,4944
1850,3084
1850,1852
3084,3085
1851,1852
1856,4223
1856,4224
3117,3115
1855,4225
1855,4222
4225,4227
4223,4220
1858,1860
1860,3089
1859,1861
1859,3089
1859,5154
1861,1919
1861,4959
1919,1920
1862,1920
1863,5489
1863,1923
1863,4935
5489,1923
1923,4258
1923,1925
1865,2565
1865,2567
2565,2563
1866,3473
1867,1870
1867,1930
1868,1929
1929,1928
1871,1893
1871,5306
1893,1894
1872,1881
1873,1889
1873,1874
1889,1879
1874,1946
1875,1948
1875,1891
1948,4852
1876,1891
1876,1892
1877,1881
1877,1878
1878,2499
1879,1885
1885,1887
1880,1890
1880,1886
1890,1892
1884,1888
1883,1887
1888,1886
1894,3211
3211,3216
1895,2498
1895,1897
1896,4573
4573,4571
1897,4574
1900,5575
1900,1902
1903,1917
1902,1916
1917,1911
4722,4724
1906,1910
1907,5185
1907,5457
5185,3524
5396,5299
1909,2519
1910,4720
1911,1915
1915,4723
1912,1916
1912,1914
1913,5267
1913,2718
5267,5263
1914,4721
4723,4662
4934,4935
1921,4626
1921,1924
1922,1925
4258,4257
1924,1926
1926,4256
1927,1930
1927,3820
1928,3822
3822,3821
1931,1936
1931,1934
1932,5487
5487,5488
4831,2337
1941,4614
4614,4615
1942,1944
1942,1943
1942,4611
1944,4617
1944,5330
1943,1945
4617,4616
5330,4618
1946,4851
4852,4846
1949,4992
1949,4991
4992,4993
1950,1952
1950,2546
1952,1954
1951,2543
1951,1953
2543,5142
1954,1956
1953,1955
1956,1958
1955,1957
1958,1960
1957,1959
1959,1961
1963,5140
1963,5141
5140,5141
1964,5138
1964,5137
1965,5632
1965,5030
1966,4467
4468,4466
1969,4885
4885,2497
1970,1972
1970,2796
1972,4737
1971,2797
1971,2798
2797,2795
4737,4740
1973,1974
1973,1976
1974,1975
1976,5496
1977,5496
1977,1978
1978,2812
1979,2813
1979,1980
2813,2811
1980,1981
1981,1982
1982,1983
1983,4966
1984,3120
1984,4808
3120,4978
3120,5660
3120,4807
1987,1989
1988,1990
1988,4855
1990,1992
1989,1991
1992,1994
1991,1993
1994,1996
1993,1995
1996,1998
1995,1997
2008,2007
2001,2002
2002,2009
2003,4884
2003,3840
4884,2017
2004,3964
2004,2005
3964,3838
2005,2006
2006,5441
2007,2011
2011,2019
2009,2010
2010,2012
2019,2015
2012,2018
2013,2022
2013,2015
2013,4810
2022,2024
2022,2025
2014,2016
2014,2023
2016,2018
2017,2020
2024,2140
2023,5384
5384,4809
2030,5229
2028,2029
2029,2037
5229,2042
2031,2033
2031,2067
2031,3266
3265,3267
2070,2072
2035,2926
2035,4889
2926,2040
2036,2040
2037,2041
2039,5540
5540,4890
2041,2043
2042,2044
2044,2045
2043,2046
2045,2047
2049,2057
2049,2050
2057,3873
2051,4814
2052,4814
2052,2058
5327,2067
2054,2068
2055,2061
2061,2064
2056,2148
2056,2060
3873,3871
3873,2062
3873,2063
2058,2059
2059,3874
2060,2063
2064,3874
2062,3875
3875,3876
2065,3872
2065,5548
3872,3870
2066,2068
2069,2071
2072,2075
2071,2073
2075,2077
2073,2074
2078,2080
2081,2082
2080,2083
2082,2084
2084,2086
2083,2085
2086,2088
2085,2087
2088,2090
2087,2089
2090,2092
2089,2091
2092,2094
2096,2099
2099,2101
2097,2098
2098,2100
2101,2103
2100,2102
2103,2105
2102,2104
2105,2106
2104,2107
2106,2109
2109,2110
2107,2108
2108,2111
2110,2112
2112,2190
2111,2191
2190,2181
2190,2114
2113,2191
2113,2115
2114,2116
2114,2117
2116,2121
2117,2120
2115,2118
2121,2200
2120,2123
2118,2122
2118,2201
2119,2775
2119,2122
2775,2776
2200,2198
2122,5204
2124,5204
2124,2125
2125,2126
2126,2135
2127,5295
2127,5294
5295,5296
2128,2129
2128,2131
2128,2133
2129,2131
2131,2137
2130,2134
2130,2135
2130,2132
2134,3920
2137,3965
2133,3921
2133,5300
3920,5475
2141,2143
2144,2146
2151,3311
2150,2152
3311,3313
2152,3312
2153,5498
5498,2156
2154,5495
2154,5494
2160,2162
2158,2159
2159,2161
2162,2164
2161,2163
2164,5447
2163,2165
5447,2167
2165,2166
2166,2168
2167,2169
2169,2184
2168,2170
2184,2186
2170,2185
2172,2174
2176,2179
2178,2183
2183,2181
2179,2182
2186,2188
2185,2187
2188,2189
2187,4983
2189,2192
2192,2194
2194,3945
2193,4983
2193,2195
3945,3949
2196,3948
2196,2198
3948,3946
2197,2199
2197,3951
2199,2201
2202,5565
3366,3368
2204,3367
2205,5563
2205,2211
5563,5564
2206,2212
2206,5543
2212,2213
2209,2210
2209,2219
2211,2214
2213,5544
5544,2215
2214,2216
2218,2220
2220,2223
2219,2221
2225,2227
2227,2230
2226,5542
2226,2228
2230,2231
2228,2229
2229,2232
2231,2233
2237,2239
2236,2238
2239,2243
2238,2240
2243,2245
2240,2241
2241,2242
2242,2244
2245,2247
2244,2246
2249,4539
4539,4537
2250,4540
2250,4538
4540,4542
2252,2255
2255,2257
2253,2256
2254,2256
2254,4191
2257,4190
4190,2258
2258,2260
2260,2262
2259,4191
2259,2261
2262,2265
2261,2263
2266,2268
2267,2269
2273,5546
2277,2279
2276,2278
2279,2350
2278,2280
2350,2281
2280,2351
2281,2282
2282,2284
2284,2286
2283,5541
2283,2285
5541,2351
2286,2290
2285,2287
2290,4926
2287,2291
2288,2616
2288,2617
2616,2614
2289,2618
2289,2615
2618,2620
4926,2293
2291,2296
2293,2294
2294,2298
2299,4071
2299,2307
4071,4069
2300,4087
2300,2302
4087,4085
2301,2318
2301,4086
2318,2319
2303,2782
2303,2305
2782,4110
2304,2347
2304,2783
2347,2349
2306,2309
2306,4072
2309,2310
2307,2308
2308,2311
2310,2312
2312,2334
2334,2335
2314,5304
5304,4083
2315,2317
2315,5507
2324,2325
2322,2323
2325,2327
2331,3532
2329,2330
2330,2332
3532,3477
2333,2518
2335,2517
2517,2519
2338,2339
2339,2341
2341,2343
2340,2342
2343,2345
2342,2344
2352,2354
2355,2357
2354,2356
2357,2359
2361,2363
2363,2366
2362,5235
2362,2364
2366,2367
2364,2365
2365,2368
2367,2369
2369,4272
2368,5510
4272,2371
2370,5510
2370,2372
2371,2376
2376,2378
2372,2377
2373,2466
2373,2374
2375,2458
2378,2380
2377,2379
2380,2382
2379,2381
2382,2384
2381,2383
2384,2386
2387,5600
2388,5588
2388,2389
2390,2392
2390,5586
2393,2513
2394,2514
2514,2516
2395,3170
2396,2398
5587,2400
2398,2399
2399,2401
2400,2404
2404,2405
2401,2402
2402,2403
2407,4000
2407,4002
4000,3997
2408,4003
2408,4001
4003,4005
2411,2414
2410,2412
2414,2416
2412,2413
2413,2415
2416,2418
2415,2417
2420,2422
2423,2425
2422,2424
2425,2428
2424,2426
2428,2430
2426,2427
2427,2429
2430,2432
2429,2431
2432,2434
2431,2433
2438,3184
2438,3176
3184,3172
2443,2445
2440,3177
2440,3185
3177,3178
2441,2442
2442,2444
2445,2446
2444,2447
2446,2448
2447,5508
2460,2461
2450,5508
2451,2453
2454,2463
2453,2464
2467,2469
2470,2471
2469,2473
2471,2474
2474,2476
2472,2473
2472,2475
2476,2477
2475,5234
2477,2480
2480,2484
2478,3138
2478,3139
3138,3118
2479,5234
2479,2482
2484,5448
2481,3512
2481,2483
2482,2485
2483,3516
2487,3519
2487,3796
2489,3797
3797,3799
2490,3521
3521,3513
2491,2492
2491,3520
2492,2494
2494,2496
2497,4888
4888,4891
2499,2500
2500,4618
2502,2504
2505,2507
2508,4310
4311,4313
2510,3677
3676,3678
3682,3684
2513,2515
2516,3680
2521,2522
2521,3539
3542,3541
2529,2531
2525,2526
2526,4984
2532,3416
3416,3412
2533,2534
2533,2535
2534,3415
2535,2537
2573,2538
2537,2539
2538,2540
2540,2541
2539,2542
2541,2544
2544,2548
2542,2545
5142,5143
2548,2550
2545,2547
2546,4994
2547,2549
2550,2552
2549,2551
2552,2555
2551,2553
2555,2556
2553,5225
2554,2742
2554,2738
2742,2744
2742,2809
2556,2558
2558,2561
2557,5225
2557,2559
2564,2566
2566,4948
4948,2569
2567,2568
2568,2571
2569,2570
2570,2572
2575,5612
2578,2580
2577,2579
2580,2582
2579,2581
2582,2584
2581,2583
2584,2586
2583,2585
2586,2588
2585,2587
2588,2590
2587,2589
2590,3658
2589,2591
3658,2593
2591,3657
2592,3657
2592,2594
2593,2595
2595,2597
2594,2596
2597,2599
2602,4043
2602,4045
4043,4041
2603,4046
2603,4044
4046,4048
2604,2606
2607,2609
2606,2608
2609,2611
2608,2610
2611,5394
2610,2612
5394,2613
2612,2614
2613,2615
2617,2619
2620,2622
2620,2623
2619,2621
2622,2623
2623,2625
2621,2624
2625,2627
2624,2626
2627,2630
2626,2628
2630,2631
2634,4975
2636,2637
2637,2638
2638,2639
2641,2665
2647,5395
2643,2665
2643,2648
5395,5215
2648,5398
2649,5398
2649,2650
2650,2652
2651,2653
2651,5215
2653,2655
2652,2654
2655,2657
2654,2656
2657,2659
2656,2658
2659,5217
2658,2660
5217,2662
2660,2661
2661,2663
2662,2664
2664,2666
2663,2667
2666,2668
2668,2670
2667,2669
2670,4697
2669,2671
4697,2672
2671,4695
2672,2674
2674,2676
2673,4695
2673,2675
2676,2793
2675,2792
2793,2678
2677,2792
2677,2679
2678,2680
2680,2683
2679,2681
2684,4434
2684,4430
4434,4436
2685,4431
2685,4435
4431,4429
2686,2688
2689,2690
2688,4608
2690,2692
2692,2694
2691,4608
2691,2693
2694,2696
2693,2695
2696,2698
2695,2697
2698,2700
2697,2699
2700,2702
2699,2701
2702,2704
2701,2703
2704,2705
2703,5248
2705,2708
2708,2710
2706,5248
2706,2707
2707,2709
2710,2712
2709,2711
2712,2714
2722,2724
2720,2721
2731,2732
2728,4463
2727,2729
4463,4465
2729,4464
2730,5397
2730,5224
2732,2734
2734,2736
2733,5224
2733,2735
2736,2738
2735,2737
2737,2739
2739,2741
2740,2808
2740,2743
2808,2810
2741,2743
2744,5393
2747,2750
2750,2752
2749,3144
2751,3144
2751,2779
2753,2758
2758,2756
2754,2779
2754,2757
2755,2759
2755,2760
2759,2757
2756,2761
2761,2763
2760,2762
2763,2764
2762,2770
2764,2766
2766,2769
2765,2770
2765,2767
2769,2772
2767,2768
2772,2774
2771,2777
2771,2774
2777,2778
2785,3727
2781,2784
4110,4109
2783,4111
2784,3728
3727,3730
2786,4840
2786,2788
4840,4839
2787,2789
2787,4838
2789,5351
2788,2790
5351,2791
2790,2795
2791,2796
2958,2876
2798,4738
2799,4748
2800,2802
2801,2996
2804,2805
2810,2812
2809,2811
2816,5389
2816,2818
2817,2819
2817,5449
2819,2824
2819,2823
2818,2825
2824,2826
2823,3830
2820,2828
2820,5442
2828,2827
2821,2830
2821,2829
2830,2831
2822,2825
2825,2827
3830,3831
2826,2829
2831,2832
2832,2833
2833,5416
5416,5417
2834,2864
2834,2932
2864,2862
2835,2934
2835,2865
2934,2929
2836,2838
2836,2840
2839,2931
2931,2932
2840,2929
2841,4930
2841,2845
4930,5399
3264,3239
2844,2846
2846,2848
2845,3235
2845,5560
2848,4394
2847,5560
2847,2849
2850,2856
2851,2854
2853,5521
4972,3241
2861,2862
5169,2884
2867,2889
2868,2871
2868,2949
2869,2950
2872,4427
2872,2879
4427,4425
2873,4426
2875,2877
2877,2890
2876,5373
5373,2968
2890,2891
2890,5668
2878,2957
2878,2956
2957,5382
2879,2880
2880,5679
2880,2892
5679,5680
2881,2885
2885,2883
2882,2888
2882,2886
2883,2889
2884,2886
2891,5665
2891,2893
2891,2895
5665,4432
2893,4432
2895,2897
2892,2894
4432,4428
2894,2896
2894,4433
2897,2898
2896,5520
2898,5519
5519,2900
2899,5502
2899,2902
5502,5520
2900,2901
2901,2903
2903,2905
2902,5164
2905,2907
2904,5164
2904,2906
2907,2909
2906,2908
2909,2912
2908,2910
2912,2922
2910,2911
2911,2921
2922,2924
2913,2916
2916,3834
2914,2917
3834,3837
2917,3836
2923,2921
2924,2925
2925,53
2927,2930
2927,4469
2930,2936
2928,4473
2928,2933
4473,4472
2936,2937
2933,2935
2935,2938
2940,4478
4478,4477
2941,2949
2942,4479
2946,2948
2946,4481
2948,2952
2947,4482
2947,2951
4482,4480
2952,2955
2951,2953
2955,2966
2953,2954
2959,5682
2959,2964
2959,5375
2960,2961
2960,5381
2961,2962
2968,5374
2968,5680
5374,5681
5667,5668
2970,2972
2973,2975
2972,2974
2975,2977
2974,2976
2977,2979
2976,2978
2979,2981
2984,2988
2983,2985
2985,2991
2991,2992
2999,3001
2998,210
2998,3000
3001,3003
3000,3002
3003,3005
3002,3004
3005,3008
3004,3006
3008,3009
3006,3007
3007,3010
3009,3012
3012,3014
3010,3011
3011,3013
3014,3016
3013,3015
3016,3018
3015,3017
3018,3020
3017,3019
3020,3022
3023,4289
4289,5514
3024,4292
3024,4290
3027,3029
3026,5492
3026,3028
3029,3031
3028,3030
3031,3033
3030,3032
3033,3035
3032,3034
3035,3036
3037,3430
3039,3463
3040,3042
3043,3045
3042,3044
3045,3048
3044,3046
3048,3050
3046,3047
3047,3049
3050,3052
3053,3594
3053,3625
3594,3593
3054,3056
3057,5468
3056,5228
5468,3060
3058,5228
3058,3059
3059,3061
3060,3062
3062,3064
3065,4024
3065,4026
4024,4023
3066,4027
3066,4025
4027,4029
3070,3072
3068,3069
3069,3071
3072,3074
3071,3073
3074,3090
3073,3075
3090,3092
3075,3091
3076,3128
3076,3077
3128,3129
3079,3209
3210,5437
3083,4566
3085,3088
3088,3087
3086,4566
3086,3087
3094,5491
3096,3097
3097,3099
3099,3102
3098,5491
3098,3100
3102,3104
3100,3101
3101,3103
3108,3110
3111,5453
3110,3112
5453,3114
3112,3113
3113,3115
3114,3116
3119,3800
3800,3798
4978,4807
4978,5188
4978,3502
3125,3515
3126,3136
3136,3135
3129,3130
3130,3133
3135,3137
3137,3147
3140,3516
3141,3151
3142,3149
3149,5196
3143,4665
3148,4849
5196,3151
3150,5192
3150,5634
3150,5197
3151,5402
5402,3563
5443,5444
3153,4774
3153,3213
4774,3162
3154,3214
3154,4775
3155,4775
3155,3163
3156,3159
3156,3165
3157,3166
3166,3161
3161,3163
3162,3164
3164,3167
3167,3165
3168,3174
3168,3172
3174,3498
3169,3173
3173,3185
3170,5242
3286,3291
3498,3500
3179,3180
3181,3182
3187,3188
3188,3190
3191,3193
3190,3192
3193,3196
3192,3194
3196,3198
3194,3197
3198,3202
3197,3199
3202,3204
3199,3203
3200,3303
3200,3293
3303,3302
3201,3294
3201,3301
3294,3296
3204,5246
3203,3205
5246,3207
3205,5241
3206,3766
3207,3209
3754,3767
5437,5241
3219,3221
3218,3220
3221,3224
3220,3223
3224,3225
3222,3223
3222,3226
3225,3227
3227,4933
3226,3228
3228,4931
3231,3234
3230,4932
3230,3232
4932,4931
3234,4927
3236,3238
3236,3239
3240,3243
3240,3242
3243,3244
3241,3242
3244,3246
3246,3248
3245,3305
3245,3247
3305,5175
3248,3251
3247,3249
3251,3255
3249,3250
3250,3252
3255,3257
3252,3256
3261,5159
3260,3262
3263,3283
3267,3269
3266,3268
3269,3270
3268,3271
3270,3273
3273,5503
3271,3272
3272,5504
3882,3282
3276,3883
3277,3283
3277,3279
3278,3280
3278,3284
3280,3281
3279,3282
3281,3883
3291,3534
3290,5242
3290,3292
3534,3536
3292,3535
3293,3298
3296,3297
3295,3298
3295,3548
3297,3552
3552,3550
3299,3304
3299,4602
3304,3301
3300,4601
3300,3302
4601,4603
5175,5505
3306,3309
3313,3315
3324,3326
3317,216
3317,3323
3321,3322
3319,3320
3320,3330
3322,3331
3331,3332
3323,3325
3326,3328
3325,3327
3328,3342
3327,3329
3342,3345
3329,3343
3330,3333
3332,3334
3334,3336
3333,3335
3336,3338
3335,3337
3338,3340
3337,3339
3340,3357
3339,3341
3357,3985
3341,3358
3346,5350
3346,3348
5350,3984
3353,3355
3348,3349
3348,3352
3349,3359
3350,3360
3360,3986
3360,5614
3351,3372
3351,4928
3372,3374
3352,3361
3355,3362
3354,4956
3354,3356
3362,3363
3356,3364
3985,3361
3358,3986
3359,3361
5614,3988
3361,3987
3363,3365
3368,4928
3367,3369
3369,3370
3370,3371
3371,3373
3374,3376
3373,3375
3388,3391
3388,3785
3386,3389
3387,3389
3391,3393
3389,3390
3390,3392
3393,3395
3392,3394
3395,3397
3394,3396
3397,5187
3396,3398
3401,3404
3401,3406
3404,3403
3402,3407
3402,3405
3407,3409
3406,3408
3409,3411
3408,3410
3411,3413
3410,3412
3413,3414
3414,3415
3420,3424
3419,3423
3424,3426
3425,3423
3422,3427
3426,3427
4970,3461
3431,3459
3430,3458
3459,3460
3434,3437
3433,3435
3437,3440
3435,3436
3436,3438
3440,3442
3439,3442
3443,3445
3448,3447
3445,3449
3447,3450
3450,4169
4169,3452
3455,5180
3454,3456
5180,3467
3456,5181
3457,5181
3457,3468
3458,3461
3460,3462
3462,3463
3464,3465
3466,5439
3467,3469
3472,3474
3475,5626
3481,3483
3479,3480
3483,5439
3485,3487
3488,3492
3487,3491
3492,3489
3489,3493
3490,3491
3499,5637
3502,5637
3507,3509
3513,3517
3517,3515
3514,3520
3524,3525
3525,5445
5445,3527
3526,5268
3526,3528
3527,3530
3530,4336
3528,3529
3529,3531
4336,4338
3531,4337
3533,3537
3533,3541
3537,3535
3536,3538
3538,3540
3540,3539
3543,3549
3549,3551
3544,3553
3806,3808
3548,3551
3550,3553
3554,3805
3556,3557
3557,3559
3823,3827
5308,5309
3565,3567
3567,3572
3568,3573
3568,3569
3573,3572
3569,3571
3569,3570
3571,5326
3576,3578
3579,3580
3580,3582
3583,3596
3585,3597
3597,3599
3586,3624
3624,3621
3587,3623
3591,3593
5269,3626
3596,4943
3600,3601
3601,3604
3605,3606
3603,3607
3607,3604
3606,3609
3611,3613
3614,3616
3613,3615
3616,3618
3615,3617
3618,3620
3625,3627
3626,3628
3628,3630
3632,3633
3636,3716
3636,3709
3716,3718
3637,3708
3637,3715
3708,3706
3638,3643
3712,3710
3641,3713
3645,3647
3643,3646
3644,3646
3647,3649
3646,3648
3649,3652
3648,3650
3652,3654
3650,3651
3651,3653
3654,3656
3653,3655
3656,3660
3655,3659
3660,3661
3659,3662
3661,3664
3664,3666
3662,3663
3663,3665
3666,3668
3665,3667
3668,3670
3667,3669
3670,3673
3669,3671
3673,3675
3714,3729
3714,3730
3681,3683
3684,3685
3687,3689
3690,4052
3689,5203
4052,4054
3693,3695
3692,3694
3695,3703
3694,3702
3703,4059
3698,3700
3697,3699
3700,3704
3699,3701
3704,4063
3701,3705
3702,4057
4059,4060
4063,4064
3705,4062
3729,3728
3715,3717
3718,3720
3717,3719
3720,4089
3719,4088
4089,4091
3721,3723
3722,3726
3722,4945
3726,4095
3723,3724
3724,3725
3725,4096
4095,4097
3731,3734
3731,3733
3734,5367
3732,3766
3732,3735
3733,3768
3737,3747
3737,4564
3747,3748
3738,4565
3738,3750
4565,3765
3739,4562
4562,4560
3740,3752
3740,3742
3752,3815
3741,4219
3743,3745
3743,3748
3745,3814
3744,3749
3744,3746
3749,3750
3814,3751
3746,3815
3751,3753
3753,4219
3767,3768
3755,3762
3755,3758
3762,3760
3756,3759
3756,3761
3760,3764
3764,4564
3761,3763
3763,3765
3769,3776
3777,3774
3775,3820
3773,3776
3772,3774
3776,3819
3778,3781
3782,3801
3784,4820
4820,4805
3789,3791
3789,3826
3791,3793
3790,3792
3793,3792
3794,4569
3794,3804
5370,5369
3796,3798
3799,3801
3803,5369
3809,3811
3809,4253
3811,3816
3810,4254
3810,3812
4254,4242
3816,3817
3812,3813
3819,3821
3825,3828
3828,3829
3829,5419
5390,5348
3839,3840
3837,3835
3837,5211
3837,3836
3835,5391
5211,5522
3838,5386
3838,5385
3845,3849
3842,3847
3843,3932
3843,3929
3931,3930
3849,3851
3846,3869
3846,3865
3869,3871
3852,3854
3855,3861
3854,3859
3861,3865
3856,3934
3856,3860
3857,3858
3858,3862
3862,4811
3859,3864
3860,3863
3864,3866
3866,3867
3867,3868
3868,3870
3876,3878
3878,3881
3877,5548
3877,3879
3885,4960
3885,5406
3887,3889
3889,3890
3888,5405
3888,3891
5405,5406
3890,3892
3892,3896
3891,3893
3896,3897
3894,3939
3894,4827
3939,5493
3895,4828
3895,3940
4828,4826
3900,3901
3899,5485
3899,5547
3901,3903
3903,3904
3902,5168
3902,5167
5168,5547
3904,3905
3905,3906
3906,5549
3909,3911
3911,5206
3910,5208
3910,3912
5206,3923
3912,3913
3913,3922
3914,5476
3914,3915
5476,5477
3915,3917
3916,3918
3916,5475
3918,3917
3919,3921
3919,5299
3921,5300
3921,5299
3922,4954
3923,3924
3923,3927
3924,3925
3927,3928
3927,4951
3925,4951
3926,4954
3926,4949
3926,4953
4954,4949
3929,4821
3930,4822
4822,4810
3937,5506
3937,5493
3938,5500
5500,3940
3944,3947
3942,3943
3943,3946
3947,3951
3954,3955
3955,3957
3957,5446
3956,3958
5446,3959
3958,3960
3959,3961
3960,3962
3962,3963
3963,4953
3971,5321
3971,5554
5321,5322
3972,5314
3972,5313
5314,5315
3973,3976
3975,3978
3978,3980
3976,3977
3977,3979
3980,3991
3979,3990
3991,3993
3982,3984
3987,5349
3988,3989
3989,5463
5463,5464
3990,3992
3993,3994
3992,3995
3994,3996
3996,3998
3995,3997
3998,3999
3999,4001
4006,4077
4078,4009
4008,4077
4008,4010
4009,4011
4011,4526
4010,4525
4526,4013
4012,4525
4012,4014
4013,4015
4015,4019
4014,4018
4019,4017
4020,5227
4020,4023
4022,4025
4026,4028
4029,4030
4028,4032
4030,4031
4031,4034
4034,4035
4032,4033
4033,5576
4035,4037
4038,4041
4042,4040
4040,4044
4045,4047
4048,4050
4050,484
4053,5203
4053,4055
4055,4056
4056,4065
4057,4058
4064,4076
4070,4072
4073,4081
4082,5507
4084,4086
4080,4085
4081,4083
4088,4090
4091,4094
4090,4092
4097,4946
4105,4107
4104,4106
4107,4108
4106,4109
4108,4111
4112,4119
4119,5532
4113,4116
4113,4117
4116,4115
4115,5454
4117,4118
4118,4120
5532,4124
4120,4121
4121,4122
4122,4123
4123,4125
4124,4126
4126,4232
4125,4231
4232,4128
4127,4231
4127,4129
4128,4130
4130,4132
4129,4131
4132,4133
4131,4284
4133,4135
4135,4137
4134,4284
4134,4136
4137,4139
4136,4138
4139,4141
4138,4140
4141,4143
4140,4142
4143,4144
4146,4147
4147,4150
4149,4151
4151,4153
4150,4152
4153,4155
4152,4154
4155,4157
4154,4156
4157,4159
4156,4158
4159,4160
4158,5231
4160,4161
4161,4163
4163,4165
4162,5231
4162,4164
4165,4168
4164,4166
4177,4179
4176,4178
4179,4182
4178,4180
4182,4184
4180,4181
4181,4183
4184,4186
4183,4185
4186,4189
4185,4187
4189,4193
4187,4188
4188,4192
4193,4195
4192,4194
4195,4197
4194,5535
4197,4199
4196,5535
4196,4200
4199,4198
4198,4237
4237,4202
4200,4235
4201,4235
4201,4203
4202,4204
4204,4206
4206,5533
4207,5534
4207,4209
4210,4214
4209,4213
4214,4216
4211,4245
4211,4243
4245,4941
4212,4244
4212,4246
4244,4250
4213,4215
4216,4218
4215,4217
4218,4221
4217,4220
4221,4222
4228,4263
4263,4260
4229,4259
4229,4938
4238,4239
4234,4236
4243,4249
4250,4251
4247,4252
4247,4605
4252,4249
4248,4606
4248,4251
4606,4598
4255,4261
4255,4257
4261,4259
4261,5436
4256,4260
4262,4938
4267,4304
4267,4307
4304,4302
4268,4306
4268,4305
4306,4308
4269,4273
4271,4275
4276,4323
4276,4329
4323,4321
4323,4325
4278,4329
4278,4280
4279,4281
4281,4283
4280,4282
4283,5516
4285,4287
4288,4290
4287,5514
4293,4339
4341,4296
4295,4339
4295,4297
4296,4298
4298,4300
4297,4299
4308,4353
4307,4309
4310,4312
4313,4321
4312,4314
4314,4322
4315,4318
4317,4319
4319,4327
4318,4320
4327,4328
4320,4330
4322,4324
4325,4355
4324,4326
4355,4357
4328,4333
4333,4335
4330,4332
4332,4334
4335,4359
4334,4358
4338,4342
4337,4340
4342,4345
4340,4343
4343,4344
4346,5513
4346,5430
4350,4352
4349,5430
4349,5512
5210,4363
4363,4364
4366,4408
4408,4406
4367,4372
4367,4370
4392,5216
4369,4371
4369,4393
4370,4407
4374,5561
4374,4387
4375,4390
4375,4378
4376,4377
4376,4391
4377,4471
4378,5209
4379,4382
4383,5218
4381,4382
4381,4385
5218,4384
4388,5161
4388,5207
5161,4470
5216,4396
4393,4397
5689,5690
4399,4676
4399,4477
4676,4672
4676,4726
4400,4479
4400,4677
4401,5172
4401,4410
5172,4403
4402,5213
4402,4405
5213,5214
4403,4404
4404,5173
5173,4411
4405,5212
4406,4410
4407,4409
4409,5214
4411,4415
4415,4418
4412,4476
4412,4480
4476,4475
4414,5212
4414,4416
4416,4417
4422,4424
4421,4423
4424,4426
4423,4425
4428,4430
4429,4433
4436,4709
4435,4437
4440,4442
5670,4442
4439,4441
4442,4444
4441,4443
4444,5558
4444,4447
4443,5677
4443,4445
5677,5678
5558,4447
4447,4449
4445,4446
4446,4448
4449,4450
4449,5671
4448,4451
4448,5676
4450,4452
5671,4452
4452,4453
4452,4455
4451,5559
4453,4455
4455,4458
4454,5559
4454,4456
4458,5672
4458,4459
4456,5675
4456,4457
5675,5676
4457,4460
4457,5674
5672,4461
4459,4461
4465,4467
4464,4466
4469,4724
4470,5209
4472,4725
4725,4720
4474,4736
4475,4735
4735,4733
4483,4587
4483,4485
4587,5629
4484,4486
4484,4588
4486,4488
4489,4491
4492,4494
4491,4493
4494,4496
4493,4495
4496,4498
4495,4497
4498,5616
4502,4504
4501,5628
4501,4503
4504,4506
4503,4505
4506,4508
4505,4507
4508,4510
4507,4509
4510,4512
4515,4517
4514,5627
4514,4516
4517,4520
4516,4518
4520,4522
4518,4519
4519,4521
4522,4524
4527,4529
4530,4532
4529,4531
4532,4534
4531,4533
4534,4536
4533,4535
4536,4538
4535,4537
4542,4543
4590,4929
4548,4550
4546,4591
4547,5626
4547,4549
4550,4551
4554,4555
4555,4557
4556,5622
5622,5623
4559,4561
4561,4563
4560,5621
4570,4572
4572,4574
4571,4576
4579,4582
4579,5183
4582,4584
4580,4581
4581,4583
4584,4585
4586,4588
4593,4603
4604,4602
4597,4605
4598,4599
4599,4600
4610,4611
4612,4613
4612,5331
4613,4628
4616,5419
4622,4624
4629,4669
4668,4634
4631,4637
4631,4634
4632,4633
4633,4635
4635,4669
4639,4640
4641,4643
4641,4645
4643,4648
4642,4646
4642,4644
4646,4647
4645,4673
4647,4672
4652,4653
4652,5567
4654,4656
4657,4663
4663,5574
4659,4660
4659,4662
4660,4661
5574,4721
4665,5412
4670,4731
4734,4679
4673,4674
4674,4675
4726,4936
4679,4680
4681,4683
4684,4686
4683,4685
4686,4688
4685,4687
4688,4690
4687,4689
4690,4692
4689,4691
4692,4693
4691,4694
4693,4698
4698,5568
4694,4696
4696,4699
5568,4701
4703,4705
4705,4706
4704,5573
4704,5572
4706,4707
4707,4710
4710,4713
4708,5570
4708,4711
5570,5571
4713,4715
4711,4714
4715,4717
4714,4716
4717,412
4716,4719
4718,5045
4718,5044
5045,5046
4936,4853
4729,4732
4732,4736
4730,4835
4730,4733
4740,5371
4738,4739
4739,4741
5371,4743
4743,4745
4745,4744
4746,4749
4747,4749
4750,4752
4752,5578
4751,5584
5578,4753
4753,4755
4755,4757
4754,5584
4754,4756
4757,4759
4756,4758
4764,4766
4762,4763
4763,4765
4766,5452
5452,4768
4771,5583
4772,4776
4776,4778
4773,5583
4773,4777
4778,4780
4777,4779
4780,4782
4779,4781
4782,4784
4781,4783
4784,4786
4783,4785
4785,4787
4787,5160
4788,4817
4789,4818
4818,4816
4792,4794
4791,5160
4791,4793
4794,4795
4793,5582
4795,4797
4797,4799
4796,5582
4796,4798
4799,5580
4798,4800
4809,4821
4823,4825
4823,4923
4825,4827
4824,4921
4824,4826
4921,4919
4921,4924
4836,4839
4845,4851
4844,4847
4844,4846
4856,4857
4857,4859
4859,4861
4858,4860
4858,4862
4860,5170
4861,4863
4863,4864
4862,4865
4864,4867
4867,4869
4865,4866
4866,4868
4869,4871
4868,4870
4870,4872
4872,4874
4876,4879
4874,4875
4875,4877
4880,4881
4881,4886
4886,4887
4887,4893
4891,4892
4892,4894
4894,4897
4893,4895
4897,4900
4895,4896
4896,4898
4900,4901
4898,4899
4899,4902
4901,4904
4904,4905
4905,4907
4907,4909
4912,4914
4911,5205
4915,4917
4918,4919
4917,4920
4920,4922
4924,5688
4924,5673
4922,4923
4923,4925
5688,5641
5673,5641
4925,5641
5431,5432
4952,5154
4952,5490
4957,5165
5165,5166
4966,5062
5062,5063
5640,5639
4988,4989
4989,4990
4990,4991
4993,4994
4996,4997
4997,5566
4999,5000
5000,5001
5001,5002
5004,5005
5005,5006
5006,5007
5007,5008
5010,5011
5011,5012
5012,5013
5013,5014
5014,5015
5017,5018
5018,5019
5019,5020
5020,5021
5023,5024
5024,5025
5025,5026
5028,5029
5029,5030
5031,5032
5032,5033
5033,5034
5034,5035
5035,5036
5036,5037
5037,5038
5038,5039
5041,5042
5042,5043
5043,5044
5046,5047
5047,5048
5048,5049
5049,5050
5050,5051
5051,5052
5052,5053
5055,5056
5058,5059
5059,5060
5063,5064
5064,5065
5066,5076
5066,5074
5070,5069
5068,5071
5071,5072
5072,5073
5073,5074
5078,5079
5079,5080
5080,5081
5081,5082
5082,5083
5083,5084
5084,5085
5085,5086
5086,5087
5087,5088
5088,5089
5089,5090
5089,5539
5090,5091
5091,5092
5094,5095
5095,5096
5096,5097
5097,5098
5098,5099
5099,5100
5100,5101
5101,5102
5102,5103
5103,5177
5177,5104
5104,5105
5105,5106
5106,5107
5107,5108
5108,5109
5111,5112
5112,5113
5113,5114
5114,5115
5115,5116
5118,5119
5119,5120
5120,5121
5121,5122
5122,5123
5125,5126
5126,5127
5127,5128
5128,5129
5129,5130
5130,5131
5131,5132
5132,5133
5133,5355
5355,5134
5136,5137
5143,5144
5144,5145
5145,5146
5146,5147
5147,5148
5299,5298
5376,5377
5166,5167
5183,5366
5186,5438
5438,5450
5336,5645
5202,5333
5207,5557
5522,5385
5260,5617
5232,5596
5596,5597
5247,5380
5318,5319
5250,5251
5250,5617
5251,5252
5252,5253
5253,5254
5256,5257
5257,5258
5258,5259
5263,5264
5264,5265
5272,5271
5272,5273
5273,5274
5274,5275
5275,5276
5276,5277
5277,5278
5278,5279
5279,5280
5280,5281
5281,5282
5282,5283
5283,5284
5284,5285
5285,5286
5286,5287
5287,5288
5288,5289
5289,5290
5290,5291
5291,5292
5292,5293
5293,5294
5296,5297
5297,5298
5303,5686
5303,5658
5309,5310
5310,5311
5550,5313
5315,5316
5316,5317
5319,5320
5320,5554
5322,5323
5323,5324
5324,5325
5325,5555
5328,5490
5328,5435
5333,5655
5345,5346
5345,5347
5347,5346
5347,5407
5645,5646
5339,5338
5338,5340
5340,5341
5341,5342
5342,5343
5343,5344
5346,5407
5407,5408
5348,5391
5349,5462
5356,5357
5356,5615
5357,5358
5357,5359
5358,5359
5359,5360
5360,5361
5361,5362
5362,5363
5363,5364
5364,5365
5365,5366
5377,5378
5387,5388
5387,5415
5388,5442
5408,5615
5411,5412
5414,5415
5417,5418
5425,5426
5426,5427
5432,5433
5433,5434
5434,5435
5450,5457
5460,5461
5461,5462
5464,5465
5467,5557
5477,5478
5478,5479
5481,5482
5482,5483
5483,5484
5564,5565
5571,5572
5623,5624
5624,5625
5638,5639
5642,5656
5642,5646
5656,5655
5647,5648
5648,5649
5652,5651
5657,5684
5658,5693
5692,5693
5690,5691
